run,shift_mm,lift_mm,kp,kd,timing_scale,friction_scale,returncode,pass,reason,clearance_mm,support_margin_mm,roll_deg,pitch_deg,peak_torque_nm,tracking_error_rad,joint_rate_rad_s,touchdown_velocity_m_s,final_joint_error_rad
1,60,14,140,2.5,0.75,0.5,2,False,measured FR clearance did not reach 5 mm|clearance,3.9633382409999998,91.51764626,0.4593981752,0.8847787107,9.743413769,0.06977586484,0.8088331093,-0.0005049307199,0.3433105501
2,60,14,140,2.5,0.75,1.0,2,False,measured FR clearance did not reach 5 mm|clearance,3.9633382409999998,91.51764626,0.4593981752,0.8847787107,9.743413769,0.06977586484,0.8088331093,-0.0005049307199,0.3433105501
3,60,14,140,2.5,0.75,1.5,2,False,measured FR clearance did not reach 5 mm|clearance,4.31249226,88.96988784999999,0.7256999594,1.246031827,9.888433474,0.07085093893,0.6532454079,-0.001626486926,0.3445398783
4,60,14,140,2.5,1.0,0.5,2,False,measured FR clearance did not reach 5 mm|clearance,3.700894174,91.55553107,0.4541137052,0.8814746216,9.743745017,0.06932025254,0.8088331093,-0.0008598072395,0.3433142946
5,60,14,140,2.5,1.0,1.0,2,False,measured FR clearance did not reach 5 mm|clearance,3.700894174,91.55553107,0.4541137052,0.8814746216,9.743745017,0.06932025254,0.8088331093,-0.0008598072395,0.3433142946
6,60,14,140,2.5,1.0,1.5,2,False,measured FR clearance did not reach 5 mm|clearance,4.2744178779999995,89.26355226,0.712471288,1.223619881,9.792552305,0.06980191061,0.6532454079,-0.00117679737,0.3445416065
7,60,14,140,2.5,1.25,0.5,2,False,measured FR clearance did not reach 5 mm|clearance,3.563877,91.51156293,0.4533112548,0.8832207508,9.743896082,0.06932133408,0.8088331093,-0.0007596163672,0.3433161089
8,60,14,140,2.5,1.25,1.0,2,False,measured FR clearance did not reach 5 mm|clearance,3.563877,91.51156293,0.4533112548,0.8832207508,9.743896082,0.06932133408,0.8088331093,-0.0007596163672,0.3433161089
9,60,14,140,2.5,1.25,1.5,2,False,measured FR clearance did not reach 5 mm|clearance,4.256456125000001,89.35901312,0.7080061877,1.216095451,9.792515237,0.06966804165,0.6532454079,-0.0009251934916,0.3445422274
10,60,14,180,3.5,0.75,0.5,0,True,,5.496950213,92.9077413,0.3631555246,0.6632998489,9.485102163,0.05291937173,0.6358433803,-0.01221450772,0.3375552812
11,60,14,180,3.5,0.75,1.0,0,True,,5.496950213,92.9077413,0.3631555246,0.6632998489,9.485102163,0.05291937173,0.6358433803,-0.01221450772,0.3375552812
12,60,14,180,3.5,0.75,1.5,0,True,,5.91566313,93.72911936,0.6226549924,0.9821066668,9.585644735,0.05352106254,0.5069070907,-0.001759476952,0.3384213013
13,60,14,180,3.5,1.0,0.5,0,True,,5.4280814059999996,92.96432722,0.3575134135,0.6555842647,9.434091368,0.05218948694,0.6358433803,-0.000520167677,0.3375553422
14,60,14,180,3.5,1.0,1.0,0,True,,5.4280814059999996,92.96432722,0.3575134135,0.6555842647,9.434091368,0.05218948694,0.6358433803,-0.000520167677,0.3375553422
15,60,14,180,3.5,1.0,1.5,0,True,,5.86656115,93.79232483999999,0.6102364222,0.9622531975,9.463868585,0.05263000048,0.5069070907,-0.001423727531,0.3384218471
16,60,14,180,3.5,1.25,0.5,0,True,,5.420620044,92.99113591999999,0.3558036494,0.6532876445,9.434121749,0.05214608856,0.6358433803,-0.0008300859155,0.3375556138
17,60,14,180,3.5,1.25,1.0,0,True,,5.420620044,92.99113591999999,0.3558036494,0.6532876445,9.434121749,0.05214608856,0.6358433803,-0.0008300859155,0.3375556138
18,60,14,180,3.5,1.25,1.5,0,True,,5.830865832000001,93.82746654,0.6057379998,0.9549836838,9.463890124,0.05231349184,0.5069070907,-0.001172978932,0.3384217769
19,60,15,140,2.5,0.75,0.5,2,False,measured FR clearance did not reach 5 mm|clearance,4.95145646,91.51764626,0.4593981752,0.8847787107,9.74341661,0.06977586484,0.8088331093,-0.006748541271,0.3433097126
20,60,15,140,2.5,0.75,1.0,2,False,measured FR clearance did not reach 5 mm|clearance,4.95145646,91.51764626,0.4593981752,0.8847787107,9.74341661,0.06977586484,0.8088331093,-0.006748541271,0.3433097126
21,60,15,140,2.5,0.75,1.5,0,True,,5.420050143,88.96988784999999,0.7256999594,1.246031827,9.888433474,0.07085093893,0.6532454079,-0.001803863794,0.3445396581
22,60,15,140,2.5,1.0,0.5,2,False,measured FR clearance did not reach 5 mm|clearance,4.614632569,91.55868036000001,0.4542678157,0.8814746215,9.743704357,0.06931993191,0.8088331093,-0.0007467373814,0.3433142408
23,60,15,140,2.5,1.0,1.0,2,False,measured FR clearance did not reach 5 mm|clearance,4.614632569,91.55868036000001,0.4542678157,0.8814746215,9.743704357,0.06931993191,0.8088331093,-0.0007467373814,0.3433142408
24,60,15,140,2.5,1.0,1.5,0,True,,5.354783618,89.26355226,0.712471288,1.223619881,9.792545134,0.06980191061,0.6532454079,-0.001256203858,0.3445416808
25,60,15,140,2.5,1.25,0.5,2,False,measured FR clearance did not reach 5 mm|clearance,4.57117625,91.51670641999999,0.4533481646,0.8829432636,9.74388131,0.06932124426,0.8088331093,-0.0007834534653,0.3433157746
26,60,15,140,2.5,1.25,1.0,2,False,measured FR clearance did not reach 5 mm|clearance,4.57117625,91.51670641999999,0.4533481646,0.8829432636,9.74388131,0.06932124426,0.8088331093,-0.0007834534653,0.3433157746
27,60,15,140,2.5,1.25,1.5,0,True,,5.321344722,89.35901312,0.7080061877,1.216095451,9.792521231,0.06966809584,0.6532454079,-0.001055536932,0.3445423164
28,60,15,180,3.5,0.75,0.5,0,True,,6.443470584,92.88604966,0.3631555246,0.6632998489,9.485102163,0.05291937173,0.6358433803,-0.01506899617,0.3375551313
29,60,15,180,3.5,0.75,1.0,0,True,,6.443470584,92.88604966,0.3631555246,0.6632998489,9.485102163,0.05291937173,0.6358433803,-0.01506899617,0.3375551313
30,60,15,180,3.5,0.75,1.5,0,True,,6.966557703,93.67049627,0.6226549924,0.9821066668,9.585644735,0.05352106254,0.5069070907,-0.001328700758,0.3384210836
31,60,15,180,3.5,1.0,0.5,0,True,,6.431499872,92.95294873,0.3575134135,0.6555842647,9.434087361,0.05218948694,0.6358433803,-0.005071630966,0.3375553875
32,60,15,180,3.5,1.0,1.0,0,True,,6.431499872,92.95294873,0.3575134135,0.6555842647,9.434087361,0.05218948694,0.6358433803,-0.005071630966,0.3375553875
33,60,15,180,3.5,1.0,1.5,0,True,,6.893971034000001,93.7518457,0.6102364222,0.9622531975,9.463862954,0.05263000048,0.5069070907,-0.001539031958,0.3384219041
34,60,15,180,3.5,1.25,0.5,0,True,,6.418295948,92.98140165000001,0.3558036494,0.6532876445,9.434116936,0.05214606008,0.6358433803,-0.0007616195877,0.3375555114
35,60,15,180,3.5,1.25,1.0,0,True,,6.418295948,92.98140165000001,0.3558036494,0.6532876445,9.434116936,0.05214606008,0.6358433803,-0.0007616195877,0.3375555114
36,60,15,180,3.5,1.25,1.5,0,True,,6.817535758,93.79686918,0.6057379998,0.9549836838,9.46388104,0.05231343424,0.5069070907,-0.001214394908,0.338421845
37,60,16,140,2.5,0.75,0.5,0,True,,5.917216833,91.51764626,0.4593981752,0.8847787107,9.743426699,0.06977586484,0.8088331093,-0.01136848118,0.3433091766
38,60,16,140,2.5,0.75,1.0,0,True,,5.917216833,91.51764626,0.4593981752,0.8847787107,9.743426699,0.06977586484,0.8088331093,-0.01136848118,0.3433091766
39,60,16,140,2.5,0.75,1.5,0,True,,6.487388581,88.96988784999999,0.7256999594,1.246031827,9.888433474,0.07085093893,0.6532454079,-0.001458596289,0.3445398343
40,60,16,140,2.5,1.0,0.5,0,True,,5.590780633,91.55868036000001,0.4544383094,0.8814746214,9.74365804,0.06931959635,0.8088331093,-0.0004625676681,0.3433140802
41,60,16,140,2.5,1.0,1.0,0,True,,5.590780633,91.55868036000001,0.4544383094,0.8814746214,9.74365804,0.06931959635,0.8088331093,-0.0004625676681,0.3433140802
42,60,16,140,2.5,1.0,1.5,0,True,,6.396556925,89.26355226,0.712471288,1.223619881,9.792547438,0.06980191061,0.6532454079,-0.001425446171,0.3445414607
43,60,16,140,2.5,1.25,0.5,0,True,,5.577664927,91.52261562,0.4533770085,0.8826413977,9.743871238,0.06932117974,0.8088331093,-0.0007909488279,0.3433154297
44,60,16,140,2.5,1.25,1.0,0,True,,5.577664927,91.52261562,0.4533770085,0.8826413977,9.743871238,0.06932117974,0.8088331093,-0.0007909488279,0.3433154297
45,60,16,140,2.5,1.25,1.5,0,True,,6.3397113890000005,89.35901312,0.7080061877,1.216095451,9.792519042,0.06966808887,0.6532454079,-0.001071057148,0.3445420877
46,60,16,180,3.5,0.75,0.5,0,True,,7.4464101209999995,92.86693811,0.3631555246,0.6632998489,9.485102163,0.05291937173,0.6358433803,-0.01665647659,0.3375549513
47,60,16,180,3.5,0.75,1.0,0,True,,7.4464101209999995,92.86693811,0.3631555246,0.6632998489,9.485102163,0.05291937173,0.6358433803,-0.01665647659,0.3375549513
48,60,16,180,3.5,0.75,1.5,0,True,,8.010344112,93.61995378,0.6226549924,0.9821066668,9.585644735,0.05352106254,0.5069070907,-0.003074205534,0.3384210409
49,60,16,180,3.5,1.0,0.5,0,True,,7.434839521,92.94263031,0.3575134135,0.6555842647,9.434080803,0.05218948694,0.6358433803,-0.009046253137,0.337555341
50,60,16,180,3.5,1.0,1.0,0,True,,7.434839521,92.94263031,0.3575134135,0.6555842647,9.434080803,0.05218948694,0.6358433803,-0.009046253137,0.337555341
51,60,16,180,3.5,1.0,1.5,0,True,,7.895719449,93.7195117,0.6102364222,0.9622531975,9.463853273,0.05263000048,0.5069070907,-0.001438369011,0.3384220017
52,60,16,180,3.5,1.25,0.5,0,True,,7.413441061,92.97258337,0.3558036494,0.6532876445,9.434112711,0.05214603898,0.6358433803,-0.0006106735256,0.3375553514
53,60,16,180,3.5,1.25,1.0,0,True,,7.413441061,92.97258337,0.3558036494,0.6532876445,9.434112711,0.05214603898,0.6358433803,-0.0006106735256,0.3375553514
54,60,16,180,3.5,1.25,1.5,0,True,,7.779968704,93.77163513,0.6057379998,0.9549836838,9.463888316,0.05231349246,0.5069070907,-0.001315672978,0.3384217229
55,65,14,140,2.5,0.75,0.5,0,True,,6.041694623,85.38110112,0.5282826299,0.9828207837,10.24886789,0.07346767429,0.8088331093,-0.008560415696,0.3725004861
56,65,14,140,2.5,0.75,1.0,0,True,,6.041694623,85.38110112,0.5282826299,0.9828207837,10.24886789,0.07346767429,0.8088331093,-0.008560415696,0.3725004861
57,65,14,140,2.5,0.75,1.5,0,True,,7.91013396,82.54354291,0.8171096349,1.376642581,10.40425389,0.07456768602,0.6532454079,-0.00112389244,0.3738657992
58,65,14,140,2.5,1.0,0.5,0,True,,5.839819318999999,85.45260391,0.5201711735,0.977463191,10.23135168,0.07273089064,0.8088331093,-0.0007086002216,0.3725049276
59,65,14,140,2.5,1.0,1.0,0,True,,5.839819318999999,85.45260391,0.5201711735,0.977463191,10.23135168,0.07273089064,0.8088331093,-0.0007086002216,0.3725049276
60,65,14,140,2.5,1.0,1.5,0,True,,7.780107720999999,82.94478193,0.7985265406,1.346567617,10.26946749,0.07328938485,0.6532454079,-0.0011467316,0.3738655905
61,65,14,140,2.5,1.25,0.5,0,True,,5.827841412000001,85.42858712,0.5182146482,0.9780784078,10.23154434,0.0727321968,0.8088331093,-0.0007165665301,0.3725070384
62,65,14,140,2.5,1.25,1.0,0,True,,5.827841412000001,85.42858712,0.5182146482,0.9780784078,10.23154434,0.0727321968,0.8088331093,-0.0007165665301,0.3725070384
63,65,14,140,2.5,1.25,1.5,0,True,,7.690718753,83.07455675,0.7927815631,1.336692172,10.26941118,0.07300095006,0.6532454079,-0.0008787296384,0.3738672754
64,65,14,180,3.5,0.75,0.5,0,True,,7.089259078,90.48399274,0.4151071316,0.734274185,9.965915524,0.05565704379,0.6358433803,-0.01478195769,0.3663364899
65,65,14,180,3.5,0.75,1.0,0,True,,7.089259078,90.48399274,0.4151071316,0.734274185,9.965915524,0.05565704379,0.6358433803,-0.01478195769,0.3663364899
66,65,14,180,3.5,0.75,1.5,0,True,,8.677522284999998,88.29000085999999,0.6944598996,1.077240281,10.05546851,0.05618204338,0.5069070907,-0.0008538844915,0.3672819306
67,65,14,180,3.5,1.0,0.5,0,True,,7.081639161,90.629282,0.4077537819,0.7245251342,9.893904893,0.05478328466,0.6358433803,-0.0004111688257,0.3663374393
68,65,14,180,3.5,1.0,1.0,0,True,,7.081639161,90.629282,0.4077537819,0.7245251342,9.893904893,0.05478328466,0.6358433803,-0.0004111688257,0.3663374393
69,65,14,180,3.5,1.0,1.5,0,True,,8.528236205999999,88.60698282,0.6800613473,1.05358915,9.911171354,0.05515630538,0.5069070907,-0.001344043929,0.3672823714
70,65,14,180,3.5,1.25,0.5,0,True,,7.060206692,90.67130059,0.4054576684,0.7215119541,9.893941234,0.05463379732,0.6358433803,-0.0007696879281,0.3663375867
71,65,14,180,3.5,1.25,1.0,0,True,,7.060206692,90.67130059,0.4054576684,0.7215119541,9.893941234,0.05463379732,0.6358433803,-0.0007696879281,0.3663375867
72,65,14,180,3.5,1.25,1.5,0,True,,8.467559285999998,88.71701383999999,0.6752048476,1.045397591,9.9111967,0.05474622922,0.5069070907,-0.001049787855,0.3672826537
73,65,15,140,2.5,0.75,0.5,0,True,,6.984000898,85.38110112,0.5282826299,0.9828207837,10.24886789,0.07346767429,0.8088331093,-0.01192440388,0.3725007255
74,65,15,140,2.5,0.75,1.0,0,True,,6.984000898,85.38110112,0.5282826299,0.9828207837,10.24886789,0.07346767429,0.8088331093,-0.01192440388,0.3725007255
75,65,15,140,2.5,0.75,1.5,0,True,,8.936173661,82.54354291,0.8171096348,1.376642581,10.40425389,0.07456768602,0.6532454079,-0.0006042526946,0.3738658987
76,65,15,140,2.5,1.0,0.5,0,True,,6.8449855930000005,85.45260391,0.5201711735,0.977463191,10.23133059,0.07273081389,0.8088331093,-0.0005325599017,0.3725042768
77,65,15,140,2.5,1.0,1.0,0,True,,6.8449855930000005,85.45260391,0.5201711735,0.977463191,10.23133059,0.07273081389,0.8088331093,-0.0005325599017,0.3725042768
78,65,15,140,2.5,1.0,1.5,0,True,,8.768121655,82.94478193,0.7985265406,1.346567617,10.26949403,0.07328938485,0.6532454079,-0.001261984747,0.3738656847
79,65,15,140,2.5,1.25,0.5,0,True,,6.826687766,85.43217414,0.5182146482,0.9780784064,10.23152608,0.07273203978,0.8088331093,-0.0007327929139,0.3725069283
80,65,15,140,2.5,1.25,1.0,0,True,,6.826687766,85.43217414,0.5182146482,0.9780784064,10.23152608,0.07273203978,0.8088331093,-0.0007327929139,0.3725069283
81,65,15,140,2.5,1.25,1.5,0,True,,8.67819714,83.07455675,0.7927815631,1.336692172,10.26940198,0.07300090873,0.6532454079,-0.0008850730112,0.3738669638
82,65,15,180,3.5,0.75,0.5,0,True,,8.09106672,90.48399274,0.4151071316,0.734274185,9.965915524,0.05565704379,0.6358433803,-0.01614535176,0.3663363665
83,65,15,180,3.5,0.75,1.0,0,True,,8.09106672,90.48399274,0.4151071316,0.734274185,9.965915524,0.05565704379,0.6358433803,-0.01614535176,0.3663363665
84,65,15,180,3.5,0.75,1.5,0,True,,9.695091115,88.29000085999999,0.6944598996,1.077240281,10.05546851,0.05618204338,0.5069070907,-0.003608322206,0.3672822991
85,65,15,180,3.5,1.0,0.5,0,True,,8.083486348,90.629282,0.4077537819,0.7245251342,9.89389373,0.05478328466,0.6358433803,-0.006852632265,0.3663374392
86,65,15,180,3.5,1.0,1.0,0,True,,8.083486348,90.629282,0.4077537819,0.7245251342,9.89389373,0.05478328466,0.6358433803,-0.006852632265,0.3663374392
87,65,15,180,3.5,1.0,1.5,0,True,,9.500021644,88.60698282,0.6800613472,1.05358915,9.911172326,0.05515630538,0.5069070907,-0.001288199709,0.3672821719
88,65,15,180,3.5,1.25,0.5,0,True,,8.057203974,90.67130059,0.4054576684,0.7215119541,9.893940158,0.05463378859,0.6358433803,-0.0007096949841,0.3663375534
89,65,15,180,3.5,1.25,1.0,0,True,,8.057203974,90.67130059,0.4054576684,0.7215119541,9.893940158,0.05463378859,0.6358433803,-0.0007096949841,0.3663375534
90,65,15,180,3.5,1.25,1.5,0,True,,9.470998214,88.71701383999999,0.6752048476,1.045397591,9.911195742,0.05474622922,0.5069070907,-0.001119241477,0.3672826854
91,65,16,140,2.5,0.75,0.5,0,True,,7.927836321,85.38110112,0.5282826299,0.9828207837,10.24886789,0.07346767429,0.8088331093,-0.01427001857,0.3725011692
92,65,16,140,2.5,0.75,1.0,0,True,,7.927836321,85.38110112,0.5282826299,0.9828207837,10.24886789,0.07346767429,0.8088331093,-0.01427001857,0.3725011692
93,65,16,140,2.5,0.75,1.5,0,True,,9.953167318,82.54354291,0.8171096348,1.376642581,10.40425389,0.07456768602,0.6532454079,-0.002872664101,0.3738655765
94,65,16,140,2.5,1.0,0.5,0,True,,7.849687852,85.45260391,0.5201711735,0.977463191,10.23132219,0.07273082943,0.8088331093,-0.0002838193818,0.3725035966
95,65,16,140,2.5,1.0,1.0,0,True,,7.849687852,85.45260391,0.5201711735,0.977463191,10.23132219,0.07273082943,0.8088331093,-0.0002838193818,0.3725035966
96,65,16,140,2.5,1.0,1.5,0,True,,9.749984493,82.94478193,0.7985265406,1.346567617,10.2695138,0.07328938485,0.6532454079,-0.001273072249,0.3738656159
97,65,16,140,2.5,1.25,0.5,0,True,,7.822199525,85.43217415,0.5182146482,0.9780784049,10.23150213,0.07273184579,0.8088331093,-0.0007249658885,0.3725067911
98,65,16,140,2.5,1.25,1.0,0,True,,7.822199525,85.43217415,0.5182146482,0.9780784049,10.23150213,0.07273184579,0.8088331093,-0.0007249658885,0.3725067911
99,65,16,140,2.5,1.25,1.5,0,True,,9.681831027,83.07455675,0.7927815631,1.336692172,10.26939817,0.07300091148,0.6532454079,-0.0009427699113,0.3738667541
100,65,16,180,3.5,0.75,0.5,0,True,,9.09261942,90.48399274,0.4151071316,0.734274185,9.965915524,0.05565704379,0.6358433803,-0.01946739436,0.3663362837
101,65,16,180,3.5,0.75,1.0,0,True,,9.09261942,90.48399274,0.4151071316,0.734274185,9.965915524,0.05565704379,0.6358433803,-0.01946739436,0.3663362837
102,65,16,180,3.5,0.75,1.5,0,True,,10.70276676,88.29000085999999,0.6944598996,1.077240281,10.05546851,0.05618204338,0.5069070907,-0.007345277578,0.3672828067
103,65,16,180,3.5,1.0,0.5,0,True,,9.084063901,90.629282,0.4077537819,0.7245251342,9.893882144,0.05478328466,0.6358433803,-0.01015869439,0.3663374107
104,65,16,180,3.5,1.0,1.0,0,True,,9.084063901,90.629282,0.4077537819,0.7245251342,9.893882144,0.05478328466,0.6358433803,-0.01015869439,0.3663374107
105,65,16,180,3.5,1.0,1.5,0,True,,10.48042615,88.60698282,0.6800613472,1.05358915,9.911176718,0.05515630538,0.5069070907,-0.001113617167,0.3672820415
106,65,16,180,3.5,1.25,0.5,0,True,,9.055828667,90.67130059,0.4054576684,0.7215119541,9.893939171,0.05463377526,0.6358433803,-0.0006080648913,0.3663375322
107,65,16,180,3.5,1.25,1.0,0,True,,9.055828667,90.67130059,0.4054576684,0.7215119541,9.893939171,0.05463377526,0.6358433803,-0.0006080648913,0.3663375322
108,65,16,180,3.5,1.25,1.5,0,True,,10.474399889999999,88.71701383999999,0.6752048476,1.045397591,9.911191083,0.05474622922,0.5069070907,-0.001196572809,0.3672826457
109,70,14,140,2.5,0.75,0.5,0,True,,8.310399850000001,79.03545371999999,0.6054464008,1.095187482,10.81798613,0.07762592318,0.8088331093,-0.01133572473,0.4022282084
110,70,14,140,2.5,0.75,1.0,0,True,,8.310399850000001,79.03545371999999,0.6054464008,1.095187482,10.81798613,0.07762592318,0.8088331093,-0.01133572473,0.4022282084
111,70,14,140,2.5,0.75,1.5,0,True,,11.55145537,75.6928264,0.9275604963,1.538879922,11.01914048,0.07896771739,0.6532454079,-0.0009381918524,0.4037492172
112,70,14,140,2.5,1.0,0.5,0,True,,8.314530866,79.25979831000001,0.5928820314,1.080539677,10.7218829,0.07615105476,0.8088331093,-0.000646082931,0.4022283118
113,70,14,140,2.5,1.0,1.0,0,True,,8.314530866,79.25979831000001,0.5928820314,1.080539677,10.7218829,0.07615105476,0.8088331093,-0.000646082931,0.4022283118
114,70,14,140,2.5,1.0,1.5,0,True,,11.414104870000001,76.46871177,0.8926384449,1.481462497,10.75217169,0.07694691866,0.6532454079,-0.0005408622024,0.4037569142
115,70,14,140,2.5,1.25,0.5,0,True,,8.275001693,79.24947499,0.589969876,1.080502002,10.72190868,0.07615097397,0.8088331093,-0.000613051192,0.4022318086
116,70,14,140,2.5,1.25,1.0,0,True,,8.275001693,79.24947499,0.589969876,1.080502002,10.72190868,0.07615097397,0.8088331093,-0.000613051192,0.4022318086
117,70,14,140,2.5,1.25,1.5,0,True,,11.408378800000001,76.67356869,0.8836197638,1.466131327,10.75220794,0.0763578841,0.6532454079,-0.0005921047578,0.4037561457
118,70,14,180,3.5,0.75,0.5,0,True,,8.867194416,84.70501208,0.4718229271,0.8101639644,10.44968353,0.05842715577,0.6358433803,-0.01492799945,0.3956373399
119,70,14,180,3.5,0.75,1.0,0,True,,8.867194416,84.70501208,0.4718229271,0.8101639644,10.44968353,0.05842715577,0.6358433803,-0.01492799945,0.3956373399
120,70,14,180,3.5,0.75,1.5,0,True,,11.489607569999999,82.26137654,0.772872371,1.182267438,10.5540677,0.05901307237,0.5069070907,-0.0004845447968,0.3966962675
121,70,14,180,3.5,1.0,0.5,0,True,,8.860339087,84.88397812,0.4624767524,0.7981291932,10.35536896,0.05739613926,0.6358433803,-0.0004834249506,0.395637974
122,70,14,180,3.5,1.0,1.0,0,True,,8.860339087,84.88397812,0.4624767524,0.7981291932,10.35536896,0.05739613926,0.6358433803,-0.0004834249506,0.395637974
123,70,14,180,3.5,1.0,1.5,0,True,,11.348934810000001,82.69525212,0.7527770183,1.149904832,10.35735311,0.05775386086,0.5069070907,-0.0009813604872,0.3966955371
124,70,14,180,3.5,1.25,0.5,0,True,,8.843728437000001,84.93859350000001,0.4594834572,0.7942842153,10.35542646,0.05712087853,0.6358433803,-0.0007169081254,0.3956385348
125,70,14,180,3.5,1.25,1.0,0,True,,8.843728437000001,84.93859350000001,0.4594834572,0.7942842153,10.35542646,0.05712087853,0.6358433803,-0.0007169081254,0.3956385348
126,70,14,180,3.5,1.25,1.5,0,True,,11.34530106,82.84296092,0.7464403221,1.139002681,10.35731474,0.0572485813,0.5069070907,-0.0007780209892,0.3966959343
127,70,15,140,2.5,0.75,0.5,0,True,,9.305245724999999,79.03545371999999,0.6054464007,1.095187482,10.81798613,0.07762592318,0.8088331093,-0.01361368375,0.4022283159
128,70,15,140,2.5,0.75,1.0,0,True,,9.305245724999999,79.03545371999999,0.6054464007,1.095187482,10.81798613,0.07762592318,0.8088331093,-0.01361368375,0.4022283159
129,70,15,140,2.5,0.75,1.5,0,True,,12.54860501,75.6928264,0.9275604963,1.538879922,11.01914048,0.07896771739,0.6532454079,-0.0008341784545,0.4037477379
130,70,15,140,2.5,1.0,0.5,0,True,,9.315307812,79.25979831000001,0.5928820314,1.080539677,10.72188935,0.07615106308,0.8088331093,-0.00056930145,0.4022280641
131,70,15,140,2.5,1.0,1.0,0,True,,9.315307812,79.25979831000001,0.5928820314,1.080539677,10.72188935,0.07615106308,0.8088331093,-0.00056930145,0.4022280641
132,70,15,140,2.5,1.0,1.5,0,True,,12.417840810000001,76.46871177,0.8926384449,1.481462497,10.75214658,0.07694691866,0.6532454079,-0.0005557447835,0.403756631
133,70,15,140,2.5,1.25,0.5,0,True,,9.273552882,79.249475,0.589969876,1.080502002,10.7218939,0.07615091827,0.8088331093,-0.0006211030982,0.4022314146
134,70,15,140,2.5,1.25,1.0,0,True,,9.273552882,79.249475,0.589969876,1.080502002,10.7218939,0.07615091827,0.8088331093,-0.0006211030982,0.4022314146
135,70,15,140,2.5,1.25,1.5,0,True,,12.412043109999999,76.67356869,0.8836197638,1.466131327,10.7522132,0.07635790069,0.6532454079,-0.0005868805627,0.4037561279
136,70,15,180,3.5,0.75,0.5,0,True,,9.86805918,84.70501208,0.4718229271,0.8101639644,10.44968353,0.05842715577,0.6358433803,-0.01594688229,0.3956374587
137,70,15,180,3.5,0.75,1.0,0,True,,9.86805918,84.70501208,0.4718229271,0.8101639644,10.44968353,0.05842715577,0.6358433803,-0.01594688229,0.3956374587
138,70,15,180,3.5,0.75,1.5,0,True,,12.47968053,82.26137654,0.772872371,1.182267438,10.5540677,0.05901307237,0.5069070907,-0.001102658379,0.3966961898
139,70,15,180,3.5,1.0,0.5,0,True,,9.85960751,84.88397812,0.4624767524,0.7981291932,10.35536338,0.05739613926,0.6358433803,-0.0003155835952,0.3956377334
140,70,15,180,3.5,1.0,1.0,0,True,,9.85960751,84.88397812,0.4624767524,0.7981291932,10.35536338,0.05739613926,0.6358433803,-0.0003155835952,0.3956377334
141,70,15,180,3.5,1.0,1.5,0,True,,12.352185200000001,82.69525212,0.7527770183,1.149904832,10.35735402,0.05775386086,0.5069070907,-0.00103670454,0.3966954655
142,70,15,180,3.5,1.25,0.5,0,True,,9.844618917,84.93859350000001,0.4594834572,0.7942842153,10.35542061,0.05712083089,0.6358433803,-0.0007050479829,0.3956384124
143,70,15,180,3.5,1.25,1.0,0,True,,9.844618917,84.93859350000001,0.4594834572,0.7942842153,10.35542061,0.05712083089,0.6358433803,-0.0007050479829,0.3956384124
144,70,15,180,3.5,1.25,1.5,0,True,,12.34868054,82.84296092,0.7464403221,1.139002681,10.35732381,0.0572485813,0.5069070907,-0.0007703878117,0.3966957699
145,70,16,140,2.5,0.75,0.5,0,True,,10.3077567,79.03545371999999,0.6054464007,1.095187482,10.81798613,0.07762592318,0.8088331093,-0.01458119993,0.4022282402
146,70,16,140,2.5,0.75,1.0,0,True,,10.3077567,79.03545371999999,0.6054464007,1.095187482,10.81798613,0.07762592318,0.8088331093,-0.01458119993,0.4022282402
147,70,16,140,2.5,0.75,1.5,0,True,,13.54596918,75.6928264,0.9275604963,1.538879922,11.01914048,0.07896771739,0.6532454079,-0.0006581495292,0.4037460853
148,70,16,140,2.5,1.0,0.5,0,True,,10.31505917,79.25979831000001,0.5928820314,1.080539677,10.72188927,0.0761509962,0.8088331093,-0.0004541226044,0.4022279809
149,70,16,140,2.5,1.0,1.0,0,True,,10.31505917,79.25979831000001,0.5928820314,1.080539677,10.72188927,0.0761509962,0.8088331093,-0.0004541226044,0.4022279809
150,70,16,140,2.5,1.0,1.5,0,True,,13.42145544,76.46871177,0.8926384449,1.481462497,10.75212852,0.07694691866,0.6532454079,-0.0006124086391,0.403756421
151,70,16,140,2.5,1.25,0.5,0,True,,10.27370037,79.249475,0.589969876,1.080502002,10.72188559,0.07615091447,0.8088331093,-0.0006310560401,0.4022309391
152,70,16,140,2.5,1.25,1.0,0,True,,10.27370037,79.249475,0.589969876,1.080502002,10.72188559,0.07615091447,0.8088331093,-0.0006310560401,0.4022309391
153,70,16,140,2.5,1.25,1.5,0,True,,13.415790000000001,76.67356869,0.8836197638,1.466131327,10.75221437,0.07635787598,0.6532454079,-0.0005726963959,0.4037563316
154,70,16,180,3.5,0.75,0.5,0,True,,10.86893244,84.70501208,0.4718229271,0.8101639644,10.44968353,0.05842715577,0.6358433803,-0.01687355235,0.3956377409
155,70,16,180,3.5,0.75,1.0,0,True,,10.86893244,84.70501208,0.4718229271,0.8101639644,10.44968353,0.05842715577,0.6358433803,-0.01687355235,0.3956377409
156,70,16,180,3.5,0.75,1.5,0,True,,13.46842479,82.26137654,0.7728723709,1.182267438,10.5540677,0.05901307237,0.5069070907,-0.005245357982,0.3966960162
157,70,16,180,3.5,1.0,0.5,0,True,,10.859018180000001,84.88397812,0.4624767523,0.7981291932,10.35536207,0.05739613926,0.6358433803,-0.008995360249,0.395637652
158,70,16,180,3.5,1.0,1.0,0,True,,10.859018180000001,84.88397812,0.4624767523,0.7981291932,10.35536207,0.05739613926,0.6358433803,-0.008995360249,0.395637652
159,70,16,180,3.5,1.0,1.5,0,True,,13.355417450000001,82.69525212,0.7527770183,1.149904832,10.35734987,0.05775386086,0.5069070907,-0.001059536442,0.3966956082
160,70,16,180,3.5,1.25,0.5,0,True,,10.84582661,84.93859350000001,0.4594834572,0.7942842153,10.35541415,0.05712077912,0.6358433803,-0.0006792183373,0.3956384835
161,70,16,180,3.5,1.25,1.0,0,True,,10.84582661,84.93859350000001,0.4594834572,0.7942842153,10.35541415,0.05712077912,0.6358433803,-0.0006792183373,0.3956384835
162,70,16,180,3.5,1.25,1.5,0,True,,13.352112060000001,82.84296092,0.7464403221,1.139002681,10.35732765,0.0572485813,0.5069070907,-0.0007826765295,0.3966956869
